<?xml version='1.1' encoding='UTF-8'?>
<hudson.plugins.jobConfigHistory.JobConfigHistory plugin="jobConfigHistory@1176.v1b_4290db_41a_5">
  <historyRootDir></historyRootDir>
  <excludedUsers></excludedUsers>
  <skipDuplicateHistory>true</skipDuplicateHistory>
  <excludePattern>queue\.xml|nodeMonitors\.xml|UpdateCenter\.xml|global-build-stats|LockableResourcesManager\.xml|MilestoneStep\.xml|cloudbees-disk-usage-simple\.xml</excludePattern>
  <saveModuleConfiguration>false</saveModuleConfiguration>
  <showBuildBadges>always</showBuildBadges>
  <showChangeReasonCommentWindow>true</showChangeReasonCommentWindow>
</hudson.plugins.jobConfigHistory.JobConfigHistory>